{"$schema":"http://schema.management.azure.com/schemas/2015-01-01/deploymentTemplate.json#","contentVersion":"1.0.0.0","parameters":{"https://serpapi.com/search ctang251":{"type":"string"},"bing_lake_db":{"type":"string"}},"variables":{},"resources":[{"name":"news-ingestion-pipeline","type":"pipelines","apiVersion":"2018-06-01","properties":{"activities":[{"name":"Copy latest news","type":"Copy","dependsOn":[],"policy":{"timeout":"0.12:00:00","retry":0,"retryIntervalInSeconds":30,"secureOutput":false,"secureInput":false},"typeProperties":{"source":{"type":"RestSource","httpRequestTimeout":"00:01:40","requestInterval":"00.00:00:00.010","requestMethod":"GET","paginationRules":{"supportRFC5988":"true"},"datasetSettings":{"annotations":[],"type":"RestResource","typeProperties":{"relativeUrl":{"value":"?engine=bing_news&q=@{pipeline().parameters.search_term}\n&api_key=7464f24e24278461e23819c35b4d5c2b7d21c4c0abedd458921c93e861ad3f7e&cc=us&qft=interval=\"7\"","type":"Expression"}},"schema":[],"externalReferences":{"connection":"[parameters('https://serpapi.com/search ctang251')]"}}},"sink":{"type":"JsonSink","storeSettings":{"type":"AzureBlobStorageWriteSettings"},"formatSettings":{"type":"JsonWriteSettings"},"datasetSettings":{"annotations":[],"linkedService":{"name":"bing_lake_db","properties":{"annotations":[],"type":"Lakehouse","typeProperties":{"workspaceId":"24de545c-daa2-4c11-a19b-7ebbc9241ffa","artifactId":"[parameters('bing_lake_db')]","rootFolder":"Files"}}},"type":"Json","typeProperties":{"location":{"type":"LakehouseLocation","fileName":"bing-latest-news.json"}},"schema":{}}},"enableStaging":false}},{"name":"Data Transformation","type":"TridentNotebook","dependsOn":[{"activity":"Copy latest news","dependencyConditions":["Succeeded"]}],"policy":{"timeout":"0.12:00:00","retry":0,"retryIntervalInSeconds":30,"secureOutput":false,"secureInput":false},"typeProperties":{"notebookId":"76361b84-4448-498c-b635-98c3ec05e6b3","workspaceId":"24de545c-daa2-4c11-a19b-7ebbc9241ffa"}},{"name":"Sentiment Analysis","type":"TridentNotebook","dependsOn":[{"activity":"Data Transformation","dependencyConditions":["Succeeded"]}],"policy":{"timeout":"0.12:00:00","retry":0,"retryIntervalInSeconds":30,"secureOutput":false,"secureInput":false},"typeProperties":{"notebookId":"3d616da0-3b72-4bf1-9778-23bd07fd7f61","workspaceId":"24de545c-daa2-4c11-a19b-7ebbc9241ffa"}}],"parameters":{"search_term":{"type":"string","defaultValue":"news"}},"lastModifiedByObjectId":"f377fc8c-cf36-41be-a77e-c244b1de75dc","lastPublishTime":"2026-02-20T20:31:11Z"},"dependsOn":[]}]}